{
   "autoupdate": {
      "type" : "checkbox",
      "default" : true,
      "description" : "Autoupdate. Update scripts list when the applet is opened."
   },
   "directory": {
      "type" : "filechooser",
      "default" : "",
      "description" : "Scripts directory",
      "select-dir" : true
   },
   "head_icon" : {
      "type" : "header",
      "description" : "Icon"
   },
   "customicon": {
      "type" : "checkbox",
      "default" : false,
      "description" : "Custom icon"
   },
   "icon": {
      "type" : "iconfilechooser",
      "default" : "",
      "description" : "Icon (empty to hide the icon)",
      "dependency": "customicon"
   },
   "showtitle": {
      "type" : "checkbox",
      "default" : true,
      "description" : "Show title"
   },
   "paneltitle": {
      "type" : "entry",
      "default" : "Scripts",
      "description" : "Title",
      "dependency": "showtitle"
   },
   "head_scriptExecution" : {
      "type" : "header",
      "description" : "Script execution"
   },
    "leftClickBehavior": {
      "type": "combobox",
      "description": "Script execution method on left click",
      "tooltip" : "How the scripts are processed when you left click on them.",
      "options": {
        "Execute silently": "executeSilently",
        "Execute in terminal": "executeInTerminal",
        "Edit the script": "edit",
        "Ask what to do": "ask"
      },
    "default": "executeSilently"
    },
    "rightClickBehavior": {
      "type": "combobox",
      "description": "Script execution method on right click",
      "tooltip" : "How the scripts are processed when you right click on them.",
      "options": {
          "Execute silently": "executeSilently",
          "Execute in terminal": "executeInTerminal",
          "Edit the script": "edit",
          "Ask what to do": "ask"
      },
      "default": "ask"
    },
    "findTerminalAutomatically": {
      "type" : "switch",
      "description" : "Find automatically a terminal? (To execute the scripts in a terminal)",
      "default" : true
   },
   "foundTerminalDescription": {
      "type": "textview",
      "description": "The found terminal is:",
      "height" : 50,
      "dependency": "findTerminalAutomatically"
  },
   "overrideCommandToExecuteInTerminal": {
       "type" : "entry",
       "description" : "Prepended command to execute the scripts in the terminal",
       "tooltip" : "To execute the scripts 'in terminal', the scripts are executed with this command prepended.\nSome potential valid commands are:\n    gnome-terminal --\n    nxterm -e\n    rxvt -e\n    xterm -e",
       "default" : "gnome-terminal --",
       "dependency": "!findTerminalAutomatically"
    },
    "useDefaultTextEditorWithScripts": {
      "type" : "switch",
      "description" : "Use the default editor to edit scripts?",
      "default" : true
   },
    "overrideCommandToEditScripts": {
       "type" : "entry",
       "description" : "Prepended command to edit the scripts",
       "tooltip" : "To edit the scripts, the scripts are executed with this command prepended.",
       "default" : "xed",
       "dependency": "!useDefaultTextEditorWithScripts"
    }
}
